<configuration>
    <!-- save to context I found in the activity -->
    <property name="EXT_FILES_DIR" value="${EXT_DIR}/Android/data/${PACKAGE_NAME}/files"/>

    <appender name="LOG" class="ch.qos.logback.core.FileAppender">
        <!--append to file-->
        <file>
            <!-- save to this file -->
            ${EXT_FILES_DIR}/myApp.log
        </file>
        <!-- NOT SURE WHAT THIS DOES -->
        <contextListener class="ch.qos.logback.classic.jul.LevelChangePropagator">
            <resetJUL>true</resetJUL>
        </contextListener>
        <!-- pattern to save it in -->
        <encoder>
            <pattern>%d{HH:mm:ss.SSS} [%thread] %-5level %logger{36} - %msg%n</pattern>
        </encoder>
    </appender>

    <appender name="STDOUT" class="ch.qos.logback.core.ConsoleAppender">
        <!-- encoders are assigned the type
             ch.qos.logback.classic.encoder.PatternLayoutEncoder by default -->
        <contextListener class="ch.qos.logback.classic.jul.LevelChangePropagator">
            <resetJUL>true</resetJUL>
        </contextListener>
        <encoder>
            <pattern>%d{HH:mm:ss.SSS} [%thread] %-5level %logger{36} - %msg%n</pattern>
        </encoder>
    </appender>

    <appender name="LOG_DAILY" class="ch.qos.logback.core.rolling.RollingFileAppender">
        <file>${EXT_FILES_DIR}/myApp.log</file>
        <rollingPolicy class="ch.qos.logback.core.rolling.TimeBasedRollingPolicy">
            <!-- daily rollover. Make sure the path matches the one in the file element or else
             the rollover logs are placed in the working directory. -->
            <fileNamePattern> ${EXT_FILES_DIR}/myApp_%d{yyyy-MM-dd}.%i.log</fileNamePattern>
            <contextListener class="ch.qos.logback.classic.jul.LevelChangePropagator">
                <resetJUL>true</resetJUL>
            </contextListener>
            <!--<timeBasedFileNamingAndTriggeringPolicy class="ch.qos.logback.core.rolling.SizeAndTimeBasedFNATP">
                <maxFileSize>5MB</maxFileSize>
            </timeBasedFileNamingAndTriggeringPolicy>-->

            <!-- keep 30 days' worth of history -->
            <maxHistory>30</maxHistory>
        </rollingPolicy>

        <encoder>
            <pattern>%d %-4relative [%thread] %-5level %logger{35} - %msg%n</pattern>
        </encoder>
    </appender>


    <root level="debug">
        <appender-ref ref="LOG_DAILY"/>
        <appender-ref ref="LOG"/>
        <appender-ref ref="STDOUT" />
    </root>
</configuration>